Symbol,GSM890321,GSM890322,GSM890323,GSM890324,GSM890325,GSM890326,GSM890327,GSM890328,GSM890329,GSM890330,GSM890331,GSM890332,GSM890333,GSM890334,GSM890335,GSM890336,GSM890337,GSM890338,GSM890339,GSM890340,GSM890341,GSM890342,GSM890343,GSM890344,GSM890345,GSM890346,GSM890347,GSM890348,GSM890349,GSM890350,GSM890351,GSM890352,GSM890353,GSM890354,GSM890355,GSM890356,GSM890357,GSM890358,GSM890359,GSM890360,GSM890361,GSM890362,GSM890363,GSM890364,GSM890365,GSM890366,GSM890367,GSM890368,GSM890369,GSM890370,GSM890371,GSM890372,GSM890373,GSM890374,GSM890375,GSM890376,GSM890377,GSM890378,GSM890379,GSM890380,GSM890381,GSM890382,GSM890383,GSM890384,GSM890385,GSM890386,GSM890387,GSM890388,GSM890389,GSM890390,GSM890391,GSM890392,GSM890393,GSM890394,GSM890395,GSM890396,GSM890397,GSM890398,GSM890399,GSM890400,GSM890401,GSM890402,GSM890403,GSM890404,GSM890405,GSM890406,GSM890407,GSM890408,GSM890409,GSM890410,GSM890411,GSM890412,GSM890413,GSM890414,GSM890415,GSM890416,GSM890417,GSM890418,GSM890419,GSM890420,GSM890421,GSM890422,GSM890423,GSM890424,GSM890425,GSM890426,GSM890427,GSM890428,GSM890429,GSM890430,GSM890431,GSM890432,GSM890433,GSM890434,GSM890435,GSM890436,GSM890437,GSM890438,GSM890439,GSM890440,GSM890441,GSM890442,GSM890443,GSM890444,GSM890445,GSM890446,GSM890447,GSM890448,GSM890449,GSM890450,GSM890451,GSM890452,GSM890453,GSM890454,GSM890455,GSM890456,GSM890457,GSM890458,GSM890459,GSM890460,GSM890461,GSM890462,GSM890463,GSM890464,GSM890465,GSM890466,GSM890467,GSM890468,GSM890469,GSM890470,GSM890471,GSM890472,GSM890473,GSM890474,GSM890475,GSM890476,GSM890477,GSM890478,GSM890479,GSM890480,GSM890481,GSM890482,GSM890483,GSM890484,GSM890485,GSM890486,GSM890487,GSM890488,GSM890489,GSM890490,GSM890491,GSM890492,GSM890493,GSM890494,GSM890495,GSM890496,GSM890497,GSM890498,GSM890499,GSM890500,GSM890501,GSM890502,GSM890503,GSM890504,GSM890505,GSM890506,GSM890507,GSM890508,GSM890509,GSM890510,GSM890511,GSM890512,GSM890513,GSM890514,GSM890515,GSM890516,GSM890517,GSM890518,GSM890519,GSM890520,GSM890521,GSM890522,GSM890523,GSM890524,GSM890525,GSM890526,GSM890527,GSM890528,GSM890529,GSM890530,GSM890531,GSM890532,GSM890533,GSM890534,GSM890535,GSM890536,GSM890537,GSM890538,GSM890539,GSM890540,GSM890541,GSM890542,GSM890543,GSM890544,GSM890545,GSM890546,GSM890547,GSM890548,GSM890549,GSM890550,GSM890551,GSM890552,GSM890553,GSM890554,GSM890555,GSM890556,GSM890557,GSM890558,GSM890559,GSM890560
MT1G,9.177907962,11.59069572,7.784116872,7.401831917,7.692406462,13.47805994,11.7122847,11.44185555,9.925224853,11.60479495,8.125884644,6.77146606,8.819776533,11.58362599,6.698620237,7.111554516,7.457950268,10.40900045,13.94280343,10.04737165,9.35189245,14.32401473,7.509615023,9.108432246,11.64808584,10.52689126,7.001216097,7.122367935,11.60245947,8.39825482,11.38756169,8.040957532,6.976149961,11.18737052,13.49953243,9.285248168,10.8327279,11.54733524,12.19868196,12.84720416,6.421117415,10.36238293,8.546431671,7.522205311,12.22657718,7.628622118,10.36564393,7.404123558,10.45512568,7.716733409,7.571392984,7.804037133,8.954914763,8.852503582,8.547964284,8.873221142,13.67858946,6.710338318,9.572462121,9.788872853,9.631201201,9.015905695,13.31044976,7.449335106,6.644335104,9.737224718,11.77617843,7.428247935,7.546987082,6.923393169,8.386593327,7.253191818,7.989629674,10.64774289,8.104166512,9.379071628,11.20200258,12.12423248,8.440093508,12.09516552,14.42830808,7.92343222,10.712223,7.063441738,8.71822307,7.544684634,11.61220453,6.447738698,8.036329996,12.24418416,9.729919859,10.84892668,8.999880014,9.195228816,6.684605737,7.378172721,9.275516374,12.42873014,11.56357306,9.873144629,11.86924,9.634387892,10.03783692,8.031475636,13.78130929,12.69831621,11.2112175,9.455913537,10.32004283,13.42691577,9.475793256,7.73530992,7.792216628,9.812208671,8.234723373,7.300900416,10.13030144,12.18508161,14.54278677,9.723561328,10.84892668,9.304908205,7.804037133,8.187855503,9.378380171,10.89799035,8.982971835,8.588056685,8.550760641,8.271834213,11.66766031,9.987554147,10.99514422,8.769809479,7.397847143,8.151114794,8.380376425,7.195809884,8.899659821,6.99115028,10.04737165,14.28440849,10.39154221,14.03143863,12.48954944,10.09996104,7.043049456,12.77707826,14.13089346,13.29691025,8.567470849,8.667750349,8.181265592,7.852616264,7.306606284,8.562188308,14.74236803,10.1714711,6.942843551,7.147295973,8.699670485,13.06115553,8.659489392,7.73895035,9.828042015,14.01878499,10.72434708,9.423901938,7.143239278,7.326871239,11.7449221,9.153672656,10.14025086,12.7956379,12.94956325,8.936946836,6.741562536,11.38531889,8.567086365,6.929902842,11.13735027,9.149633546,11.31139009,11.14833824,8.129931935,12.65830432,9.949216613,9.007436836,13.27098667,10.80735408,7.318187651,13.17858403,10.14319281,9.378380171,13.26555852,6.813701648,14.58310761,11.48069262,6.782860848,9.034149993,7.572848486,14.23008679,9.877465951,7.076450868,9.994624143,8.281493815,7.935108884,7.687984619,7.968315494,6.643114906,7.133258855,12.13098679,13.27765764,9.953795648,6.638459812,11.15905061,11.03118907,11.13554929,9.049806184,14.46498774,6.69336902,8.132387031,8.63937323,7.146917618,8.835583209,9.256428351,10.18772989,11.90296017,10.18365228,14.54278677,10.15129838,12.64105627,9.459822938,8.207247055,7.556769822,14.54278677,7.846488384,10.45266233,7.409360409,7.434479017
HAMP,8.891902088,8.496704563,11.32361258,11.17285949,8.44624904,6.99188413,12.36500855,7.968074428,9.815709164,9.244406308,7.904357131,9.043831783,7.698970344,8.776911203,9.305503968,10.39492788,9.271314701,8.762750758,12.53243112,8.37051393,7.568839505,13.32898832,9.903009423,11.99336071,7.227359426,6.913976603,11.3772745,11.72168589,6.959394105,9.755062922,7.192733459,6.724136479,7.115061296,8.9834239,7.03815294,7.931998353,9.182719015,9.896732811,9.985721317,9.254660318,7.897619856,8.0221128,7.390189523,10.49472422,8.342469306,7.505823212,8.067358698,7.183727083,6.68415679,7.351564742,6.579506073,8.057368549,8.367334096,7.344319188,8.825296822,9.109556974,12.95566955,6.85587112,7.601223386,8.915654861,6.743261069,8.028198403,9.398547108,6.911001487,8.754903416,7.645252007,10.64108576,7.974329907,7.014377997,11.03950323,7.411711603,12.1920827,6.792749092,7.806928333,11.36307087,7.207014252,10.0561845,10.30900837,7.075914808,6.8327725,8.879684413,7.425478832,9.989217213,6.970294084,7.065541713,6.6905755,10.85925995,7.163053387,7.160412732,8.067033506,7.865354729,7.670020563,6.914621931,6.649879882,7.036376267,7.087278057,8.360206653,8.677742595,6.764979363,13.27765764,10.47316965,6.78002061,7.504756075,12.30938804,9.975768856,10.18365228,10.51819957,7.498015864,7.556381605,6.74132685,7.998441107,7.457546042,7.052518652,7.410597458,7.282639179,12.35764463,7.366413018,8.536709716,12.74906356,10.64108576,9.195228816,9.451154722,6.49446128,9.969369544,12.06074961,11.76325675,6.727670217,7.128793236,6.816786708,9.839871296,9.454543421,7.298074025,12.6282406,7.254854974,10.14319281,8.582250462,9.57901003,7.330335511,10.42846155,6.933166886,8.608021935,12.44024385,7.650025251,7.56068726,6.71729013,8.041880034,7.234740727,9.125830862,13.83551644,10.2514909,7.323638098,6.738792699,8.397911967,11.59296765,13.64528368,10.0533088,12.50590252,7.107082996,7.1184532,8.159907241,10.07585564,13.99251188,8.40698737,6.896309356,7.776250296,12.23014216,12.86221435,8.75715945,6.851438091,6.913214087,7.744197234,11.76846591,8.783339436,7.314628452,12.90757551,7.97543634,6.767433346,7.515375408,7.055489133,7.001703638,7.076905484,7.471238144,9.912742033,7.664277273,11.82003727,9.934836595,11.72168589,11.02276332,8.503813116,13.31643718,9.296105742,11.70727422,8.085290421,7.000014329,6.749815604,12.98083716,11.77617843,7.94199132,9.589192416,8.382098253,12.84720416,7.245251839,13.7720667,7.438819571,7.688657349,8.514142897,9.107409816,7.733879981,7.788908592,7.485637384,6.624637097,6.867201471,11.15190743,6.887419461,7.016778466,6.669646627,10.49601396,7.014471622,8.264503235,9.476475631,7.170531378,7.271418532,9.811281375,7.944771965,7.252276744,12.74906356,9.050909778,11.00174781,10.10460734,7.924279296,8.311882778,9.864635523,7.015834176,12.40939657,12.73570626,6.979482348,7.292349649,9.954739947,8.9435506,7.512913162
MT1F,7.555369915,8.911576155,7.497636459,8.228500427,7.723637515,11.89108156,8.341348137,9.799630271,7.729187786,11.22211068,6.287872384,7.034731032,8.966582451,10.1481098,6.81143703,7.134493877,6.967908405,9.543071589,11.65057582,8.287977419,7.635364439,13.585133,7.582858178,8.289323845,7.6047264,8.860219276,6.69521182,6.995562196,7.868017713,6.772015999,9.797204612,8.500762437,9.055247987,8.680858655,11.0617836,7.68382917,8.122068059,10.2514909,8.493810645,10.56171165,7.737451329,9.314277316,7.62480513,7.895467699,12.87207069,7.139141842,8.369439429,7.030529071,8.161174022,7.018438153,7.641876992,8.067926495,7.51758479,7.270807449,7.389852579,8.215686792,11.90296017,6.894104013,7.180291298,6.541895116,7.689121858,8.217262489,10.4008472,6.054467123,6.198747633,9.107409816,10.83997019,7.18273018,7.477240763,6.826286874,7.593662269,7.335438974,8.978986156,8.853037601,7.491885863,8.533414763,9.447831765,8.790932574,6.39498274,10.32572064,13.01145467,6.994200489,7.778228653,7.663412434,7.387721164,7.605429581,10.47771513,8.200743082,7.252879914,10.8841301,8.264125187,7.496247827,6.895190508,6.747985775,7.783852199,6.875513872,7.809475741,10.06107724,9.387735891,6.795772143,9.73643004,7.186474795,9.077724925,6.99373554,11.30542287,12.07042972,9.626649161,7.363683702,7.864821331,12.14030481,6.86032301,6.978094092,7.050174828,9.822309265,7.080597089,7.903266119,9.454543421,9.991085754,14.14644947,8.692701952,7.72124756,8.417833201,6.421379944,8.753496354,7.365743221,8.171280385,7.446511591,7.392264186,9.210499224,7.35332052,7.763638506,8.04010343,11.78392771,8.068565845,6.460905675,7.823902181,8.52559604,6.73361569,9.24193554,7.286772016,8.264503235,13.08750922,9.584194722,10.86072299,9.079432491,8.764528441,6.359425086,11.95156721,13.15577691,10.13327698,8.058234167,6.360549611,7.201755999,9.262283708,7.906418037,7.232502135,14.24827128,9.190373327,8.459029158,6.894988826,8.156869049,11.76325675,7.47742361,7.506040926,9.337455938,11.83324414,8.46096955,8.15900168,6.984989728,7.580699167,7.955889338,7.422406723,8.287275316,11.32361258,10.39492788,8.989466951,6.33219431,7.287439847,7.483068145,6.088115717,10.39831649,7.401411219,9.180921513,8.728200781,7.815108956,10.08261455,9.062873681,7.811238736,9.028729851,9.126941304,7.566950686,11.53809826,7.638461665,7.538618828,9.521880634,6.580578715,14.21241947,9.516931422,6.637560521,7.747619134,7.547594806,12.39775897,8.731324354,6.985526497,7.892090935,8.848643782,7.513301976,7.223601654,7.616008012,6.670140944,7.364207856,9.632816309,12.14933733,7.497442639,7.035747125,10.46086979,9.306107373,9.054704729,7.083095988,14.32401473,7.770969703,9.13881831,8.655615151,6.730996791,7.450473865,9.974887257,8.878684612,11.07028659,9.252932696,14.3501706,9.119676295,10.09600336,7.439759418,7.62439343,7.207890457,13.39119994,11.50705083,8.997703451,7.250072344,7.148589665
FCN3,8.371604992,6.295109915,12.85261898,6.338599076,10.54920451,6.376804431,10.97903212,7.063767596,9.016451116,8.865477298,11.15353384,10.61117032,7.942846482,6.27994649,6.944371849,8.256653017,7.481124771,8.770310163,13.29036699,10.29261576,7.397313289,9.942768183,7.754205149,9.316121873,7.801788501,6.805460683,8.351991845,7.541930359,6.672841826,7.048078868,6.637875982,7.095996437,7.268847024,8.428007006,6.689896672,6.927770558,9.213934938,12.0575592,9.420648587,11.16061184,8.04010343,9.732347854,6.997193458,12.6805924,8.448818695,6.352418537,8.797921639,8.234414236,7.864535996,6.75619431,6.192272826,6.772871264,12.85261898,6.509411549,6.473448479,8.309418587,9.844103867,6.520184765,8.494569971,6.559246314,6.374753057,9.654435949,7.839817174,6.449554198,7.995562461,6.439860013,7.454130363,7.047555236,6.546537211,6.941567003,10.31342508,7.358511572,7.558031427,9.157122838,11.6335507,7.251988843,10.47771513,6.583334665,6.206276391,7.152976377,10.54190716,7.340085635,7.170035547,6.352549826,6.770952973,6.339028954,11.77878403,7.865069285,11.76846591,6.894172947,8.102921941,6.945267077,6.540775363,6.192136552,7.009210483,8.470441626,9.156577134,7.215987827,6.326652637,8.079925955,11.86639616,6.71105755,8.171613382,6.968333373,5.960393733,8.306018655,11.48482166,6.52460407,7.028055012,6.106569344,6.467664405,7.296264689,7.151425262,6.616917223,6.576150238,7.217660814,6.460791547,7.950882529,7.467897826,10.36112056,6.852170132,7.584560852,6.704108706,6.540750501,6.623096252,12.27309095,6.555640879,7.405061382,6.409217956,6.280539982,7.140184144,6.353816558,11.89108156,6.014493548,6.946589517,8.072811785,8.040957532,6.469774092,8.639844857,7.18470352,9.308562991,12.01163832,7.231654617,8.866917232,6.835121165,6.538819982,7.73214444,7.070688622,12.03329646,8.690077242,7.464474393,5.759412954,7.905630197,6.448371006,9.637431187,8.059139541,11.20200258,7.898194214,7.113120148,7.23404743,8.005676778,12.71666409,6.02182946,7.109986339,9.260480805,9.439849966,10.60186668,11.40213997,6.861220391,6.733320441,7.18218284,11.9658475,9.157673804,6.860187311,12.75861496,7.232362836,8.131446807,10.35289011,6.945664316,6.400009226,6.705878518,7.193288656,6.540996284,11.18194039,10.39967436,9.555923338,11.18194039,8.247915999,7.134128431,9.325597905,7.378490904,10.5991782,7.889585096,7.458913575,6.520115883,7.346331171,8.090467449,7.224191703,9.254660318,8.332903888,10.05136213,9.607838898,13.02314221,7.854211488,8.261028924,8.53748623,7.446709433,6.935006336,6.649775824,7.383814865,7.366602571,6.837166799,10.60186668,7.146681302,6.531145905,6.935681343,7.953720597,7.111295571,7.525028024,9.311727562,6.875688507,8.472377169,8.051176506,7.77147242,8.601229105,6.73690928,8.947179549,11.96008334,6.979390925,7.32495904,6.818530284,8.284915913,7.103656362,10.64389719,11.77357509,7.966143145,6.642254686,6.31666193,9.064571882,10.37879473
CYP3A4,6.208499713,10.84761875,6.272899414,6.00549573,8.963091648,6.356804662,9.931399689,6.108705658,5.869661078,6.087728699,6.214581266,6.207918216,6.601359762,5.94612548,7.933713229,12.99120961,5.929938775,5.835913678,9.789743796,8.823050306,7.014273629,7.355962021,6.608390497,7.540912002,8.308376585,9.098774804,6.832925827,7.741666567,11.7195299,8.247301933,6.527132188,6.538294239,6.190542792,10.82372483,13.585133,9.012151699,11.68508195,7.57053675,6.11263825,9.329278902,7.08174468,6.02209803,6.58075938,8.283489289,7.439759418,5.692157471,6.48841435,11.42059458,6.993831225,7.250961067,6.341812508,9.443164413,7.258343278,6.191487378,5.841240799,10.37543112,9.680199685,6.085742067,13.3775054,6.102566998,6.154630244,7.207014252,8.169694878,8.683509164,13.43960191,5.860839655,6.576079088,8.168066766,12.38271787,10.14122633,6.387342838,10.00595004,12.0575592,6.585459462,12.60112618,8.98643837,8.429898866,10.22973374,6.118288596,10.32224097,8.780581005,9.845767357,6.485836797,6.335809239,6.279885756,6.474589795,8.863507048,6.186532863,10.31010575,7.948905693,7.431429449,6.227221629,5.763078677,6.100764219,6.52723128,5.976608182,7.047451695,6.006706447,6.09701552,5.917896604,13.3775054,12.78632132,6.106617022,12.77707826,5.922408278,6.009296655,12.30232112,6.224348999,7.982887717,8.880161011,7.350362846,6.342256089,6.928004827,5.97080118,6.194935379,8.859253686,5.890253226,6.171515944,10.94072511,7.34566768,6.150215638,6.184850778,10.15227883,6.065703949,7.864535996,10.99514422,6.004849987,5.982702157,6.599638849,6.288060315,7.268709016,5.911732396,6.112818717,5.774283979,6.067742306,6.100764219,9.116351145,9.339950049,6.16994022,6.363631516,10.17659249,13.0444857,6.98605104,11.93103512,9.513423332,11.54514961,5.877078635,6.456571978,12.50590252,10.17252477,5.954943981,6.027218185,6.085742067,5.789001982,11.5772241,7.350362846,11.44407257,6.451094476,12.87763,6.824298809,7.103775686,6.561285823,9.673865527,6.182595297,7.16681123,6.786891672,8.622834868,6.106955062,6.411947917,8.524423807,9.443866461,13.23726549,10.37329863,6.9235343,11.82753322,6.068162579,13.80273747,13.32898832,11.27211049,6.303932409,14.16128379,7.588151072,6.253010297,10.33616308,9.084824919,8.367679931,7.529175159,8.52239017,9.661385247,9.933964768,6.969819363,11.80089042,7.196359112,7.004976931,13.29036699,6.090197384,10.33513298,8.5003295,7.889057091,6.024938787,8.208237139,6.50185101,11.25849275,6.051874182,11.44824686,6.266023295,6.079475347,5.791366972,7.032871766,6.22462478,11.29566189,13.80273747,9.860178928,13.57660753,5.81992952,8.101304069,5.541597127,11.57940496,5.951398331,10.78727445,6.097923785,7.129292771,9.086424126,7.722843568,8.842289435,5.915686823,6.632507647,9.861894916,6.159701835,6.376208298,6.579576782,11.09053147,5.873639346,9.920702488,6.475099224,6.928408458,6.254644327,7.175748806,6.70242523,8.556799098
MT1H,6.343394047,7.330585136,5.919290861,5.948383774,5.984023292,10.02844967,7.665855834,8.400103293,7.528749027,7.618910183,6.088885811,5.846276145,6.88109715,8.595859084,5.88165997,5.647702594,5.961027217,7.037147962,11.79258857,7.481566738,7.246418682,13.10475632,6.132917598,6.86899562,8.621595928,7.209169793,5.738103419,5.980068685,8.945155656,6.735675321,8.232514598,6.378083,6.6705117,8.623259276,10.21076029,7.600617021,6.222783384,7.741136724,8.439284919,9.870483452,5.774224888,8.537106476,6.989768255,6.2267611,9.22038659,6.063380094,7.157030822,6.130294802,7.545309124,6.016985087,6.282192563,6.16441361,6.037134114,5.901595106,6.537176286,5.879681544,10.7658121,5.788569217,6.787648479,6.894541819,6.155835109,6.596688891,10.12636636,5.783066173,5.603215186,6.506106268,9.65976318,5.883947282,6.26879926,6.35179555,6.638513884,6.106428808,6.166068051,8.784319135,6.051021158,7.547189788,8.118910864,8.565904336,5.994518427,8.238670652,13.0444857,6.077683279,8.300801408,5.949906984,7.182318158,5.898197683,8.555966992,6.004568164,6.045425844,9.504094272,7.575432118,7.441662325,6.818901927,5.927132568,5.800198607,6.051569163,7.020292062,9.708122033,8.002774767,7.165846338,8.430253057,7.583061256,6.814962644,6.369821686,10.80735408,10.55778689,9.179693784,6.534812023,7.530211934,11.15541438,6.122927535,6.2777678,6.406941191,7.424505978,6.192381099,5.933827284,6.607488816,10.0989803,13.81321617,7.556769822,8.877186056,7.768639696,5.894650341,6.361203379,6.359716536,9.082182201,7.323638098,7.389351622,7.094143274,6.381878256,8.288991536,8.61999186,8.707687815,6.962450795,5.892678554,6.349705982,7.121656031,5.990524366,6.574310281,5.994858378,6.845826038,13.0497426,7.944771965,11.59547108,9.550115065,7.579417795,5.911133116,11.52926201,12.1920827,10.22024694,6.643405783,5.949906984,6.147083897,7.147949396,6.043617724,6.539481514,13.96712574,7.101039276,6.189469081,5.784287578,6.652616631,10.20133975,6.483743728,6.082213393,7.322289682,12.09516552,6.220216164,6.238864849,6.034642491,6.484129438,8.606663829,6.413732864,6.936142819,10.02287647,10.09405492,7.402863044,5.824334579,8.280139134,6.289890807,5.797010313,8.57895761,7.092981733,9.105704606,8.457852915,5.994518427,8.658637159,8.320538479,7.179858689,10.53700155,8.062555942,5.909844557,11.21860138,7.549756756,7.270233316,10.25576804,5.88714519,14.00692999,8.703386579,5.786583989,7.026256799,6.140526499,12.32825916,7.142397849,5.756379672,7.444051588,5.991780258,6.796301964,6.54391663,6.7373414,5.650433414,5.670753644,8.90417252,10.87856281,7.196637375,5.683748938,7.95509038,7.567181794,6.201337636,6.899694704,13.81321617,5.646881916,6.95395517,7.04243309,6.026131173,7.079913544,7.187305348,6.761772839,9.160104781,8.717747353,14.24827128,8.130822004,9.364734658,7.161722469,6.527976679,6.093757091,12.99120961,8.020018744,7.492302426,5.784659455,6.230884697
CYP1A2,6.092361503,9.87657551,6.375130463,5.886128477,5.753205014,5.932134821,9.804640952,6.731229438,5.687702603,5.881901472,6.028470859,5.858786364,7.383472757,5.686946624,7.635137072,13.07168149,5.75217745,5.953351943,9.304908205,7.510818337,6.224658901,9.375842353,5.816740969,7.974586718,9.217494338,6.935608065,6.113719134,8.795521325,10.34400791,5.997808461,6.043872888,6.276145182,5.67962699,8.064352036,8.592256626,6.864175933,9.592905676,5.618358583,7.043659189,9.597366461,6.457272312,5.655759395,8.327290726,6.010892473,5.798293233,5.907437918,5.863545532,6.53046381,7.976025329,5.927364053,5.6460065,7.561776144,6.348159488,5.690148488,5.799709111,14.14644947,10.89351745,5.829424314,8.614163389,6.008338597,6.116714828,9.205371543,6.810291748,13.91763776,13.02820163,5.733286495,5.816061285,6.285470513,11.14833824,6.433785732,6.26761413,8.372380612,11.43746197,5.93412108,10.12145684,5.934245149,8.418571425,12.32440785,5.8081725,7.282353709,7.223339235,6.702955069,5.686318426,5.80822932,6.012496843,6.571110152,7.836143547,5.85777161,13.61872311,6.976650832,7.294071107,5.824518759,5.824644074,5.881774722,5.683584821,5.796758446,6.873133295,5.749409244,5.817289882,5.883767686,8.964090278,9.180320712,5.8373549,5.907501575,5.731599729,5.918790325,8.383959376,5.984903014,6.756963271,7.160538543,5.784968349,6.187303792,6.865616798,5.892385334,10.0649171,7.418939402,5.816186613,7.297604396,11.48069262,7.197742056,5.798485142,5.895365405,7.038586376,5.813995378,5.916154071,10.48264313,5.829603953,5.72892333,5.968106864,5.861396282,7.145411929,5.895957251,5.969954726,5.709200048,6.146370726,6.019975806,6.725167203,5.908224861,6.100356042,6.663750332,7.512695059,12.38634618,5.963193915,10.75846471,7.540912002,12.6805924,8.141820092,5.828749522,10.95864557,7.3992358,5.864555019,5.698951487,5.784036371,5.521518383,10.30900837,6.113137098,11.77108342,5.958757784,9.887944895,5.89085372,7.011182107,6.083673434,6.637314442,5.910313663,8.822553371,6.335436292,7.222224978,5.957008475,5.939253074,6.250771441,6.073832967,9.260480805,7.643619121,7.395894812,10.52319208,5.766034561,8.55000598,10.73425668,12.68513034,5.665703415,12.36500855,6.325531587,6.02209803,8.52752324,6.42605768,7.478369084,8.168366464,7.724365095,9.2425279,9.625158658,7.250961067,12.09516552,6.343498252,6.000975945,9.87569079,5.943593354,6.91223541,9.675444073,6.175103413,6.140526499,5.859362567,5.853706382,10.12043545,5.87720429,10.51699931,5.772070834,5.744011969,5.716496763,5.823727228,10.76285692,7.202314237,11.80364742,8.932915337,11.42674239,5.655674684,5.885090084,5.702745933,6.271389857,5.672143371,12.58378615,5.815777334,6.365421857,6.475857524,6.020259171,5.658764477,5.780078638,6.685692494,6.757640158,5.828076307,6.553618984,7.178466331,9.40257349,5.940559217,12.03329646,6.193145512,6.012821905,5.835320913,9.840704336,5.745047807,6.448321388
SPINK1,12.14316592,11.50028096,6.177792725,8.216634764,14.03143863,9.692495585,12.16848434,14.10156088,12.30587115,12.81964207,7.567621504,6.290934062,6.915127749,13.13799588,13.00128809,11.60245947,8.004509477,13.56039649,6.762053944,5.915968107,14.04586404,6.770371986,10.80453925,13.95355143,13.16186189,11.55237073,7.058954288,9.626649161,9.607838898,8.488757301,13.59396985,13.75209027,12.81496011,13.69605969,8.221005366,6.407299388,7.394419651,11.54278164,9.337455938,8.765913638,5.844022689,14.21241947,13.4546567,12.18164467,13.69605969,9.903840542,14.42830808,12.44818072,12.90260496,14.14644947,6.51655841,9.474378277,8.226881071,13.51328231,11.66534693,12.48538378,13.01752002,13.4546567,6.089722183,13.51960751,12.7120195,7.824379734,13.64528368,5.964958843,5.863127674,13.13255447,12.56200005,6.003741547,12.87763,13.71325216,13.50587243,14.28440849,11.23122238,13.20723552,10.94553638,12.91707534,12.47707264,6.134561465,12.61978354,5.976727968,13.55140648,13.18448528,8.316639743,12.37556325,12.69831621,11.78131265,12.76777238,6.536594973,14.26675413,6.856026652,11.29067529,13.66241414,12.48954944,12.76334301,6.135565668,11.26448524,10.0257015,13.72246673,6.309485644,13.70410355,10.27189208,7.651604601,9.358221592,13.41961157,12.92255934,13.78130929,11.68221528,14.50132924,13.85910094,7.678033281,13.0444857,14.07280909,11.32361258,14.08678033,6.619656663,9.214555606,9.873994544,10.55778689,13.53607613,9.333010344,13.28371195,14.42830808,6.532748358,14.3976901,9.698886775,6.148222758,14.07280909,13.20723552,14.3976901,6.614538851,13.76259005,12.27681996,13.36304787,13.43360715,12.75370087,12.67607996,14.19589117,13.56817092,6.096532891,14.24827128,13.61007644,7.129952761,14.50132924,10.27859701,7.280633997,10.6774656,6.070228854,6.007616468,7.432758902,13.99251188,8.165491351,6.1404446,14.16128379,13.27765764,8.144259143,8.68962819,13.12117799,8.45370807,6.142636865,7.452782053,8.242242332,14.10156088,13.0497426,9.366023047,7.871955335,9.46393957,13.46267166,12.82872971,11.10376112,14.21241947,13.54346915,5.672312593,13.49253862,11.08359568,8.677314274,14.21241947,6.409387942,5.955533562,12.83809347,14.3041108,6.138257725,14.16128379,14.32401473,10.47655396,6.066517565,13.86933704,6.29795929,11.41643512,10.54920451,14.24827128,13.21235999,12.64105627,12.4686802,6.786618297,10.03969902,11.8359464,13.97874177,13.46267166,13.7720667,10.72156968,9.78332476,8.334975337,6.016931971,12.34302445,9.344660697,12.36500855,13.95355143,12.91226346,14.23008679,7.961016894,7.011326668,6.53964783,13.0497426,7.726571969,13.81321617,12.6326661,13.54346915,5.884418955,14.37236205,13.57660753,10.65991617,9.226774416,14.04586404,9.232198998,11.89108156,13.41961157,8.978986156,13.62628093,14.10156088,11.05307238,14.17806373,13.25954686,13.99251188,12.05171877,10.76429703,13.32898832,14.42830808,7.554507601,12.88814701,13.46267166
AKR1B10,6.837318175,13.22460146,6.465195395,7.124222773,11.92848617,6.867201471,12.63695659,12.89313355,10.39831649,5.952342049,6.064165317,8.246970669,10.89929021,6.79308098,13.27765764,12.9656164,10.15129838,12.66700506,9.775684775,9.120817792,11.4937343,8.520347911,9.667635188,12.97576259,13.4546567,13.56817092,13.73217852,13.66241414,10.44163018,13.99251188,12.12115128,11.99904742,6.2268938,12.68513034,12.42510845,11.23511124,9.856887529,12.04576089,9.233342108,12.72170969,9.691661953,12.40131944,11.67499482,12.20892271,5.763717623,9.00794465,13.53607613,12.98625361,10.40774494,9.189205138,6.090284135,12.06074961,9.728282192,11.63857741,12.54076455,11.83028072,12.1953868,9.567419393,6.650980893,10.06973867,10.73425668,7.03337749,13.62628093,13.7720667,13.83551644,8.86498987,6.233979013,5.854181179,9.289332674,10.82801678,11.71711626,13.75209027,12.01163832,13.03931415,12.10472706,13.39119994,13.16186189,10.25254098,13.73217852,9.331148506,6.796385439,13.53607613,7.082311887,12.03028162,13.69605969,13.67027369,6.016302702,6.085210247,10.59407045,9.956506218,6.546007281,12.76777238,10.37543112,13.32898832,9.809576506,11.70727422,13.63644388,8.562188308,5.736527006,13.63644388,6.495533157,13.90501445,6.04977127,12.2587071,7.960185571,6.987201297,11.97442894,13.43960191,13.84700721,8.80751714,9.015905695,11.98080724,10.05136213,5.874001521,14.03143863,13.94280343,10.87140497,8.045563981,13.28371195,11.88823976,11.91452009,14.01878499,14.01878499,12.92255934,13.69605969,7.646400906,7.126442681,8.231180522,5.919642246,12.1625168,13.34296284,7.444629811,6.332384238,5.966940062,6.245283025,6.234220552,13.56039649,12.90757551,6.129246938,13.66241414,13.33610496,6.283967404,12.75370087,12.83809347,7.894681921,12.86221435,5.901837638,7.113120148,11.03118907,13.72246673,9.137088943,12.98625361,10.70937,7.823347905,11.89681797,13.70410355,13.40558651,6.263302256,9.692495585,9.07606036,13.24819823,7.689585476,12.69831621,11.35618455,12.50590252,11.11094853,9.485520466,7.305983793,12.08249957,14.19589117,13.08282749,7.733655165,13.23094346,12.75861496,11.01311161,10.32452063,12.31295769,6.129864122,11.99633633,10.72994965,6.327793467,13.54346915,10.83579615,7.797389681,7.403036524,7.49821823,9.227377619,10.14025086,12.85750245,6.339546768,11.83028072,8.62365276,6.99589402,6.757080088,7.664510233,11.94894337,14.01878499,12.05171877,11.06511914,8.255311849,13.91763776,10.07585564,8.051176506,8.927106349,13.18448528,6.535596971,13.56039649,5.772886999,12.5791921,13.16186189,10.51935572,12.1625168,6.214826702,11.03616253,11.6335507,9.550115065,9.557304957,6.002347179,5.82243846,12.79989998,12.78632132,6.149846289,13.52771429,12.65406482,10.08545138,13.34958024,9.790593322,10.95864557,7.628839856,9.994624143,13.16706193,6.073009155,9.900395071,13.53607613,12.66270761,9.429956335,13.08282749,11.2112175,6.378859445,6.768422213
GPC3,10.31791763,6.323326609,7.665576933,11.60245947,13.37058523,11.54733524,6.88109715,10.10080546,10.62656201,10.34962112,6.530003332,8.56823925,8.283156425,10.94384703,9.995507031,10.73425668,8.957517677,12.64105627,6.520889493,6.031632369,11.08359568,6.618704572,10.57677542,11.95156721,10.78875304,7.077333624,11.83324414,9.067245762,9.156002059,11.06863023,10.32224097,11.95437578,12.51484951,11.82003727,12.19868196,13.05549344,6.070028101,10.732783,9.579696767,8.732194603,12.03658024,12.25532602,11.49158404,12.61064235,10.91352013,12.58378615,12.78164768,12.0673467,9.315519223,10.79014858,12.1591534,8.653084465,10.71358847,9.769744449,12.20892271,10.77141048,7.07451036,11.76846591,6.125035712,12.53667276,8.839411422,10.95217476,7.359981395,6.017893275,11.28381573,6.848619277,12.15247475,11.43746197,9.949216613,10.64654542,11.08708564,12.55781292,10.87419976,7.921260546,11.9058439,10.82517706,11.80364742,5.926543061,10.51585999,10.83997019,11.78392771,10.53193511,11.40424141,12.59668467,8.288330035,9.956506218,8.099510709,6.677692769,9.878466008,9.107920216,12.08249957,10.85624085,11.58821317,10.64910066,12.11466341,12.12423248,7.903022339,12.43639275,8.759045455,10.64108576,7.810765679,7.653691563,5.773648373,11.11644363,8.516195512,12.04877539,9.223360613,8.411572298,11.00174781,11.2524592,8.065550315,11.47408487,11.39189983,10.74849877,12.04576089,10.83728009,10.77141048,10.2623025,9.592905676,9.276137227,12.24418416,11.08708564,10.25576804,11.42059458,8.15900168,6.169746914,11.814417,9.413916129,12.04576089,10.65181557,10.2179979,11.73226561,11.10044407,10.94384703,11.29165378,12.61064235,11.10201069,10.92137954,11.55705392,11.44407257,9.117917721,5.827947727,11.01471458,8.360547965,10.96344693,11.58362599,6.470673152,11.74774254,8.564217451,10.95051425,5.850222116,8.847108855,9.392482767,12.0575592,9.595852193,9.078248762,7.539020617,5.862769219,11.02755804,12.36500855,11.4144929,11.44824686,11.4144929,11.9870012,6.586678917,8.838945484,6.782163036,6.910802565,13.11582529,10.09295691,11.91137483,7.528344996,9.222871586,10.32921039,6.715274759,6.895647904,6.537830836,10.48392155,6.389510626,12.20540876,6.07513408,11.43296573,11.93695453,9.183955767,9.477818277,6.521276852,12.14030481,9.972275021,10.41349045,11.65777788,11.82753322,7.611084389,11.13020232,8.970251965,9.215114367,7.681009024,8.827196966,10.5854947,9.860178928,12.3392891,12.55781292,10.53700155,7.095089665,12.41718973,9.807873017,5.787025673,9.962055883,12.1591534,12.67173474,5.898681751,6.04945414,10.50975607,11.83028072,10.91655882,12.85750245,10.34289583,8.798387183,8.428397465,11.42059458,8.949169513,12.6805924,12.86713787,11.15353384,12.12115128,9.513423332,11.93103512,8.199119697,6.038050919,6.548230587,11.85559328,11.43746197,6.451471322,11.33169392,9.585621902,9.982932972,10.69590665,10.72579822,10.8841301,9.321191467,12.54076455
MT1M,6.180006026,6.309261607,6.540383835,5.951823009,5.919169278,9.614077162,6.072756008,8.527914621,6.057602038,10.48010961,6.230884697,5.764751701,7.705753225,6.072756008,5.573125247,5.856729289,5.743158925,6.944458397,10.73877482,5.919925494,7.107680626,12.08579659,5.950969979,7.168626754,7.243895281,8.502286975,5.794562068,5.901399166,6.442904429,6.196192813,6.11944194,5.741981345,6.319539734,7.069205626,9.392482767,6.419779016,5.959587645,7.599105575,6.03037811,8.768420108,5.886782948,6.68463397,6.55020033,6.027649928,7.310997619,5.707739017,6.552319688,5.822123639,5.95257789,5.626928528,5.577291262,6.206866009,6.162477646,5.872168687,5.98559315,5.917000862,8.564217451,5.626068041,7.774236737,5.979199798,5.515545418,7.162381276,7.92725591,5.583970653,5.705184049,5.560761269,8.485589618,7.143765179,5.860180637,5.521518383,5.852709349,5.69713495,6.966375235,6.608646213,6.724595311,7.301848529,6.377790135,7.332395469,6.016356484,5.876438386,12.09851278,5.865251977,5.998215344,5.633378575,5.951026407,5.914071663,7.872751098,5.734388579,5.654328412,8.531094638,6.573344948,6.700228276,5.910552168,6.032171129,5.676150084,5.991955986,6.01624937,7.123962542,7.616917227,6.082913844,8.999880014,6.345884952,6.123281635,5.946598231,6.757681338,9.733166762,8.881667916,5.830136881,6.752346798,9.321191467,6.017716942,6.008851556,5.862248097,6.162303493,6.465079132,6.033771915,5.656773954,9.136012692,13.88167778,7.218940525,6.823569885,6.712543792,5.347838503,5.838936782,6.10738176,6.557160553,5.886905907,6.056475121,8.055853409,5.902925684,5.963847913,6.677008995,7.114451647,5.881411033,5.993111847,5.988701008,6.703437789,5.777960733,5.897009197,5.790507624,5.992179723,11.06863023,7.067358778,7.858322386,7.442046367,6.584821545,5.570457804,9.033599482,10.22024694,8.100660464,5.950916986,5.684068543,6.175977858,5.737349536,5.682321657,5.724183579,14.21241947,6.085310529,5.542958039,5.97720082,5.945482488,10.8872094,6.199402547,5.658676576,7.336091385,10.24821851,5.773514611,5.715425238,6.068468417,5.829185648,6.206103255,7.425857409,6.041616871,9.715927082,7.108630226,7.178466331,5.576105442,6.47178237,6.0780896,5.88793769,5.913362104,6.003412944,6.83344061,8.98536565,5.986300932,6.134561465,6.457172554,6.297758671,7.310814379,6.783224294,5.796195856,7.876751435,5.650890072,6.231683642,5.678574479,5.727613447,14.03143863,7.322289682,6.118860985,6.57069493,5.867902824,9.865482773,6.213823305,5.809738564,6.161024245,6.043720342,6.039309772,5.884299488,6.017431238,5.790989105,5.819168759,6.715589995,9.34734599,6.241052517,5.860125482,7.792736632,6.807089785,6.047477442,5.634463838,13.47106407,5.731399383,6.173227014,7.001216097,5.733215244,6.224252356,6.114085536,6.028863815,6.625172652,7.073829113,14.32401473,7.47453366,9.680199685,6.876900646,6.123242815,5.856482549,11.51380403,6.65520978,7.569030116,5.787025673,6.39132184
TOP2A,9.174113827,6.657270679,8.284915913,10.66916262,9.39786164,9.879407677,10.54920451,10.56945911,8.757621208,10.55902062,7.522021627,7.57053675,9.446496168,10.55650403,7.456429421,7.509031296,8.11023116,9.998160394,7.397470663,9.051457362,9.062357389,6.815680119,8.220320505,8.021801457,7.546559409,9.151409477,10.00213604,9.237512127,9.201212641,9.582052348,8.357700663,9.600971704,9.341973947,7.75641603,8.025597479,8.38698635,6.560270663,8.931936745,9.88705698,6.67506372,9.152550069,8.938024135,9.790593322,9.090249155,9.894219083,9.698125563,9.180921513,6.860373846,8.844770492,8.855413332,9.109556974,10.81023762,8.558454269,9.790593322,9.256428351,9.290615154,6.309644872,8.608866127,6.777394101,7.236929021,8.924160983,8.819776533,9.079432491,8.610404244,7.987386308,9.299694293,9.700393071,10.06003707,9.611790263,10.05525552,7.881257391,7.524615462,7.878075266,9.213391379,6.370888524,8.645000006,9.437174781,6.35751817,10.00993205,6.739202695,9.332393641,7.138559116,9.54869663,10.15929159,10.17862612,8.555966992,6.29126077,6.700288972,8.299030907,10.13915179,9.673865527,9.049249053,10.08730268,10.37011378,9.190373327,9.951899922,7.535102352,8.71996264,9.379071628,9.191587897,8.365498279,8.5864113,10.44412925,7.806411284,10.00789628,8.928652232,7.769379093,7.776751849,8.950679215,9.281614724,6.928481828,7.801437203,10.11748407,11.16061184,10.03873042,8.351991845,9.290615154,8.45591527,7.496071065,8.995102192,8.570366917,8.389181776,6.870303235,9.345935095,6.972761184,6.228946583,10.21076029,10.02749966,9.867165243,6.386975025,10.16653634,10.03969902,10.13228655,10.44412925,9.839871296,10.19293631,7.318187651,9.041135729,6.250449052,8.350630604,9.134282539,6.071837769,8.883628143,7.57243304,7.998441107,8.920062382,7.080820262,7.84465231,6.296976118,7.206290739,10.30669014,9.985721317,6.588518042,9.642985704,7.248247127,8.375921758,8.112158581,10.24821851,7.536138235,6.920661492,7.192181127,6.500614237,9.528371434,8.627904153,7.622541654,6.833087354,6.360549611,7.808974225,8.764093772,10.27976258,8.324825413,6.215935288,9.037313058,8.992540148,6.410881607,8.429531507,6.271327716,8.050600179,7.912971929,9.166069558,8.262719529,9.466805448,9.490535548,8.125884644,7.077118373,6.342205756,8.29352903,8.107518674,8.423184973,9.004902656,7.846713339,9.509144459,7.651182444,10.07585564,8.687936234,7.154629584,7.654371237,8.881130143,9.375204462,7.989629674,7.275828273,8.703386579,7.394237652,9.711914168,8.04313568,9.365385037,8.607134974,9.761475531,7.727277655,8.817337849,8.44922616,7.653223495,10.43462511,7.554507601,7.907179532,10.0417211,8.654753775,7.996134241,8.957517677,6.864021026,8.933911391,8.55000598,7.541309901,10.12828021,10.29162753,10.16861276,9.694235559,5.687089773,10.8163821,10.2730285,9.326197821,8.008194975,10.17555136,8.58517381,7.201470656,10.79309106,10.20768081,8.34603433,8.058521732,7.824923453
CLEC1B,5.829059448,5.782625405,10.04262688,5.785024556,6.918923248,5.521031441,6.283994123,5.632291097,5.7657611,5.694631049,5.82415036,5.725974015,5.621927931,5.680785348,5.677436507,5.405726271,5.491187563,5.780518636,9.955617972,5.757016534,5.813146615,6.21011348,5.688344385,7.120814888,5.498163196,5.625009823,5.40480239,5.692385435,5.662117559,5.892032703,5.838003614,5.734388579,5.659197859,6.02367864,5.73259716,5.615771451,5.738975645,8.468523319,5.804410459,7.716262186,5.650976874,6.631136811,5.826704501,9.466805448,5.73980166,5.604530136,5.758237999,5.537476254,5.567297685,5.770588241,5.263245124,5.647167679,8.906172187,5.472063708,5.893852698,5.4607417,5.893437957,5.821084075,5.785089923,5.705104976,5.838761486,5.994228338,5.660481226,5.883402639,5.789501662,5.73051364,5.51947366,5.315490435,5.494095724,5.585758742,5.888107547,5.707372543,5.70179074,5.705598711,7.415082209,6.090757395,6.305257497,5.545732891,5.545732891,5.506131471,6.488958676,5.670841107,5.669728984,5.689275928,5.57384074,5.744412758,5.76987899,5.45135345,6.740479794,5.563942244,6.074130181,5.656773954,5.566009828,5.343704789,5.539474097,5.914424587,5.970131214,5.768544321,5.833350657,5.481747742,7.02452472,5.593647767,5.748897293,5.392936735,5.339195266,5.706042286,6.021664665,5.472854137,5.541795665,5.484496299,5.582058774,5.898018442,5.531152548,5.813023041,5.835671158,5.623828026,5.715060328,5.813204971,5.660220578,6.620628945,5.663718109,5.72703889,5.812289337,5.766099285,5.490233864,9.748647972,5.633378575,5.622139788,5.566323771,5.762370313,5.525870659,5.491521191,6.079823179,5.6711955,5.534993513,5.850926102,5.492600395,5.552118758,5.939022361,5.549391985,5.603703347,10.22123444,5.582459803,5.698089157,5.613380419,5.546641254,5.761661964,5.654423788,7.891570849,6.022640062,5.57384074,5.583311756,5.705440647,5.8604809,7.194287924,5.718625167,8.199450833,5.659107111,5.508203629,5.853881388,5.616113687,7.224791556,5.661592066,5.629691531,6.673418266,5.731599729,5.829424314,6.08276491,5.885782488,5.720108671,5.628346726,8.836061339,5.69933702,5.604530136,8.575238903,5.665523979,5.604405089,6.769354074,5.850274614,5.458875107,5.588784334,5.654515081,5.57976532,5.652451616,6.248750311,5.771262718,7.869829565,5.532021531,5.676316032,5.941506371,5.753979833,6.167243382,5.468455124,5.668242092,5.536235604,5.733977319,5.739383522,5.670410011,5.686165,5.531825437,6.567215951,5.623404861,9.305503968,5.568087873,5.781478478,5.688015612,5.495198032,5.458875107,5.536844702,5.542779798,5.578464117,5.635283622,7.063324349,5.623519372,5.714920457,5.426005233,5.613271423,5.644386749,5.591342394,5.78771081,5.644097531,5.586156729,5.673807298,5.792060128,5.873578896,5.427318108,5.742110748,5.744596654,5.768544321,5.610730163,5.537272062,5.617803275,5.574162985,6.926911472,8.397500479,5.902549466,5.69978791,5.598410093,5.586156729,7.051145953
